{
    "accuracy": 0.918,
    "precision": 0.6341463414634146,
    "recall": 0.8253968253968254,
    "f1": 0.7172413793103448,
    "roc_auc": 0.9513457556935818,
    "confusion_matrix": [
        [
            814,
            60
        ],
        [
            22,
            104
        ]
    ],
    "timestamp": "2026-02-20T08:27:33.732688"
}